{
	"info": {
		"_postman_id": "8869490a-9da1-4eb2-958f-d8007ad7a0f4",
		"name": "Pact Course",
		"schema": "https://schema.getpostman.com/json/collection/v2.1.0/collection.json"
	},
	"item": [
		{
			"name": "Add Client",
			"protocolProfileBehavior": {
				"disabledSystemHeaders": {
					"user-agent": true,
					"host": true,
					"accept": true,
					"accept-encoding": true,
					"connection": true
				}
			},
			"request": {
				"auth": {
					"type": "noauth"
				},
				"method": "POST",
				"header": [],
				"body": {
					"mode": "raw",
					"raw": "{\"firstName\":\"Rafaela\",\"lastName\":\"Azevedo\",\"age\":29}",
					"options": {
						"raw": {
							"language": "json"
						}
					}
				},
				"url": {
					"raw": "http://localhost:8081/clients",
					"protocol": "http",
					"host": [
						"localhost"
					],
					"port": "8081",
					"path": [
						"clients"
					]
				}
			},
			"response": []
		},
		{
			"name": "Get Client by ID",
			"request": {
				"method": "GET",
				"header": [],
				"url": {
					"raw": "http://localhost:8081/clients/1",
					"protocol": "http",
					"host": [
						"localhost"
					],
					"port": "8081",
					"path": [
						"clients",
						"1"
					]
				}
			},
			"response": []
		},
		{
			"name": "Get All Clients",
			"request": {
				"method": "GET",
				"header": [],
				"url": {
					"raw": "http://localhost:8081/clients",
					"protocol": "http",
					"host": [
						"localhost"
					],
					"port": "8081",
					"path": [
						"clients"
					]
				}
			},
			"response": []
		}
	],
	"protocolProfileBehavior": {}
}